Id_Curso,Nombre_Curso,Descripcion_Curso,Area_Especializacion,Duracion,Nivel,Fecha_Inicio,Fecha_Fin,Instructor,Id_Capacitacion
1,Estrategias para funcionalidades en línea,Aprende a planificar y estructurar funcionalidades para plataformas digitales.,Psicoterapeuta infantil,2 semanas,Principiante,2021-05-31,2022-04-12,2,2
2,Optimización de negocios electrónicos revolucionarios,Descubre cómo mejorar el rendimiento de negocios digitales innovadores.,Técnico de sonido en radiodifusión/cine/video,7 semanas,Intermedio,2022-09-04,2023-12-08,1,4
3,Recontextualización de tecnologías interactivas,Explora nuevas formas de aplicar tecnologías interactivas en diferentes contextos.,Gerente de producción,12 semanas,Principiante,2022-01-26,2023-03-24,6,8
4,Innovación en comunidades multimedia,Aprende a desarrollar comunidades digitales colaborativas a través de medios cruzados.,Editor de contenidos,9 semanas,Principiante,2024-05-14,2025-02-02,1,4
5,Revoluciona redes multimedia,Domina las herramientas para transformar redes de medios interconectados.,Ingeniero de perforación,6 semanas,Avanzado,2022-01-16,2020-11-16,2,1
6,Evolución de canales intuitivos,Diseña canales de comunicación digitales con un enfoque centrado en el usuario.,Consultor ambiental,11 semanas,Intermedio,2020-07-17,2022-09-19,10,5
7,Agrupación de ancho de banda escalable,Gestiona de forma eficiente el ancho de banda para entornos tecnológicos en expansión.,Oficial técnico médico,10 semanas,Principiante,2023-01-18,2024-12-13,1,9
8,Optimización de convergencia dinámica,Integra tecnologías y procesos para una convergencia eficiente de sistemas digitales.,Ingeniero en petróleo,12 semanas,Avanzado,2023-08-29,2021-10-02,9,10
9,Aprovechamiento de métricas innovadoras,Utiliza métricas de vanguardia para impulsar el análisis y la toma de decisiones.,Sismólogo de campo,4 semanas,Intermedio,2020-10-06,2025-01-22,9,9
10,Posicionamiento de sinergias innovadoras,Desarrolla estrategias para alinear equipos y tecnologías de forma sinérgica.,Médico general,8 semanas,Principiante,2020-05-23,2021-10-08,1,10 